天数,小时,流量,压力,温度,振动,功率,状态
1,0,98.1,5.2,65.7,2.1,73.7,正常
1,1,97.6,5.2,66.0,2.1,72.7,正常
1,2,97.9,5.2,66.2,1.9,70.7,正常
1,3,102.2,5.0,64.9,2.0,73.3,正常
1,4,102.2,5.1,64.8,2.0,72.5,正常
1,5,100.3,5.3,63.1,2.0,70.2,正常
1,6,102.1,5.1,63.6,2.1,72.0,正常
1,7,102.9,5.3,64.8,2.0,70.9,正常
1,8,101.2,5.2,63.3,1.8,73.9,正常
1,9,97.6,5.4,63.7,2.0,71.7,正常
1,10,100.8,5.3,65.8,1.9,71.2,正常
1,11,97.4,5.1,66.9,1.9,73.5,正常
1,12,101.2,5.2,63.2,1.9,72.6,正常
1,13,98.5,5.2,63.8,2.0,72.3,正常
1,14,97.6,5.0,63.4,1.8,70.9,正常
1,15,102.9,5.3,65.7,2.0,72.4,正常
1,16,100.4,5.1,65.2,2.2,72.5,正常
1,17,100.1,5.1,65.3,1.8,70.5,正常
1,18,99.0,5.4,65.0,1.8,73.3,正常
1,19,102.0,5.2,66.2,1.9,73.4,正常
1,20,97.9,5.3,66.1,1.9,71.2,正常
1,21,102.9,5.3,63.3,2.2,73.0,正常
1,22,97.9,5.0,66.1,2.0,71.5,正常
1,23,101.7,5.3,65.6,2.2,72.1,正常
2,0,102.3,5.1,65.9,2.2,73.8,正常
2,1,102.0,5.1,63.5,2.0,71.4,正常
2,2,102.9,5.2,65.3,1.9,72.8,正常
2,3,101.2,5.1,63.5,2.0,72.6,正常
2,4,100.4,5.2,65.4,2.0,73.4,正常
2,5,97.5,5.3,65.3,2.0,71.9,正常
2,6,101.8,5.3,66.4,1.8,70.9,正常
2,7,101.5,5.3,65.9,2.1,72.7,正常
2,8,98.3,5.3,63.5,2.0,73.9,正常
2,9,100.4,5.4,64.9,1.9,74.0,正常
2,10,101.1,5.3,64.0,2.0,72.0,正常
2,11,102.6,5.1,64.4,1.8,71.9,正常
2,12,99.2,5.4,65.2,2.0,73.4,正常
2,13,102.2,5.2,66.9,2.2,70.5,正常
2,14,99.8,5.2,64.0,2.1,72.1,正常
2,15,98.6,5.3,63.7,2.1,73.1,正常
2,16,97.3,5.3,66.8,2.0,72.8,正常
2,17,101.7,5.4,64.7,2.0,70.7,正常
2,18,97.7,5.1,65.7,2.1,71.0,正常
2,19,102.3,5.4,65.7,2.0,70.3,正常
2,20,97.8,5.0,66.4,2.1,73.6,正常
2,21,99.4,5.1,64.2,2.0,71.1,正常
2,22,97.9,5.3,63.8,1.9,72.8,正常
2,23,102.0,5.2,66.6,2.1,73.1,正常
3,0,101.8,5.1,64.3,2.2,72.8,正常
3,1,101.0,5.1,65.1,1.9,70.5,正常
3,2,101.3,5.0,63.6,2.2,72.4,正常
3,3,99.1,5.4,65.3,1.9,72.8,正常
3,4,97.1,5.3,64.9,1.8,72.3,正常
3,5,98.5,5.1,63.5,2.2,70.6,正常
3,6,101.0,5.2,66.8,2.0,73.3,正常
3,7,100.1,5.1,65.9,2.1,70.3,正常
3,8,97.6,5.1,63.9,1.8,70.5,正常
3,9,98.2,5.1,64.6,1.9,72.6,正常
3,10,97.7,5.3,65.9,2.2,71.9,正常
3,11,102.2,5.1,66.3,1.9,73.3,正常
3,12,102.1,5.2,65.8,2.2,71.9,正常
3,13,98.4,5.3,64.7,1.9,71.4,正常
3,14,101.3,5.0,66.9,2.0,71.9,正常
3,15,99.0,5.0,63.7,1.9,73.7,正常
3,16,101.0,5.3,65.6,2.2,70.4,正常
3,17,99.9,5.3,66.6,2.2,70.2,正常
3,18,100.9,5.0,63.7,2.2,73.1,正常
3,19,101.6,5.1,64.6,2.1,72.5,正常
3,20,99.8,5.0,63.1,1.9,71.8,正常
3,21,101.9,5.2,66.7,1.8,71.6,正常
3,22,98.1,5.3,63.4,2.0,70.5,正常
3,23,101.1,5.4,66.4,1.9,70.3,正常
4,0,101.6,5.4,64.3,2.0,70.4,正常
4,1,98.7,5.0,66.1,2.2,70.8,正常
4,2,101.6,5.3,63.2,1.9,72.4,正常
4,3,98.6,5.1,64.8,1.8,70.6,正常
4,4,101.4,5.3,63.5,2.0,72.1,正常
4,5,101.8,5.3,63.6,1.9,72.1,正常
4,6,101.2,5.4,64.2,2.0,70.4,正常
4,7,98.2,5.3,64.4,1.9,73.6,正常
4,8,102.7,5.2,65.8,1.9,71.5,正常
4,9,100.7,5.3,63.7,2.0,71.0,正常
4,10,98.6,5.1,66.2,2.0,73.4,正常
4,11,98.0,5.4,63.7,2.1,71.6,正常
4,12,99.0,5.4,65.8,2.1,72.9,正常
4,13,98.8,5.3,65.4,2.2,73.4,正常
4,14,102.7,5.1,65.2,1.9,70.1,正常
4,15,97.1,5.0,63.1,1.9,70.6,正常
4,16,100.2,5.1,66.0,1.9,72.9,正常
4,17,101.2,5.2,65.9,2.2,70.1,正常
4,18,101.9,5.2,63.5,2.0,73.6,正常
4,19,100.9,5.3,64.2,1.9,71.6,正常
4,20,101.7,5.4,64.0,2.1,71.8,正常
4,21,99.3,5.3,63.8,1.9,70.6,正常
4,22,99.7,5.3,63.4,2.0,71.9,正常
4,23,102.8,5.3,65.3,2.2,71.1,正常
5,0,100.0,5.4,66.1,2.1,71.9,正常
5,1,97.5,5.2,66.8,2.1,70.7,正常
5,2,101.1,5.4,64.2,1.9,73.2,正常
5,3,103.0,5.2,64.6,2.2,70.3,正常
5,4,101.5,5.2,64.8,2.1,73.7,正常
5,5,99.3,5.2,66.1,2.1,72.8,正常
5,6,102.6,5.4,64.6,1.8,73.8,正常
5,7,101.2,5.3,63.9,2.1,73.7,正常
5,8,97.2,5.3,64.1,2.2,71.4,正常
5,9,100.7,5.3,64.8,1.8,72.8,正常
5,10,102.3,5.2,63.9,2.1,70.5,正常
5,11,101.3,5.2,65.2,1.9,72.0,正常
5,12,97.9,5.2,65.8,1.8,71.4,正常
5,13,103.0,5.3,66.2,2.1,71.3,正常
5,14,99.7,5.0,63.1,2.0,71.7,正常
5,15,100.5,5.1,64.3,1.9,73.7,正常
5,16,100.5,5.2,63.9,1.8,72.1,正常
5,17,97.6,5.1,63.7,2.0,70.6,正常
5,18,97.8,5.4,65.1,2.2,73.8,正常
5,19,102.1,5.2,64.5,2.1,71.5,正常
5,20,98.7,5.1,66.7,1.9,72.2,正常
5,21,98.0,5.1,65.5,1.9,72.6,正常
5,22,98.1,5.4,64.2,2.0,72.8,正常
5,23,99.0,5.3,63.3,2.2,73.4,正常
6,0,97.9,5.1,63.3,2.0,72.9,正常
6,1,102.6,5.1,65.4,2.1,71.9,正常
6,2,98.1,5.4,63.1,2.1,73.4,正常
6,3,97.6,5.4,64.0,1.9,73.2,正常
6,4,99.0,5.1,63.9,1.8,71.2,正常
6,5,102.0,5.2,65.1,2.0,71.0,正常
6,6,101.3,5.0,66.5,1.9,73.2,正常
6,7,100.9,5.2,66.9,2.0,72.2,正常
6,8,98.2,5.2,65.2,1.8,72.6,正常
6,9,99.0,5.4,64.5,2.0,71.2,正常
6,10,102.7,5.1,65.7,1.9,71.0,正常
6,11,98.4,5.2,65.7,2.2,72.4,正常
6,12,99.0,5.2,66.4,2.1,71.9,正常
6,13,101.0,5.1,66.3,1.9,72.4,正常
6,14,101.6,5.3,63.7,2.0,73.9,正常
6,15,99.7,5.2,63.8,2.1,72.5,正常
6,16,101.9,5.1,63.5,2.2,70.2,正常
6,17,99.0,5.1,66.0,2.1,73.2,正常
6,18,99.1,5.2,63.0,1.9,73.5,正常
6,19,102.9,5.2,63.1,2.1,73.2,正常
6,20,98.0,5.0,63.2,2.2,71.9,正常
6,21,98.5,5.0,65.1,1.8,71.1,正常
6,22,101.1,5.3,64.8,2.2,70.8,正常
6,23,97.1,5.2,64.2,2.1,73.5,正常
7,0,100.3,5.0,64.2,1.9,73.6,正常
7,1,100.1,5.2,66.1,1.9,71.6,正常
7,2,98.4,5.2,66.5,2.1,72.4,正常
7,3,98.5,5.2,66.5,2.0,73.4,正常
7,4,102.5,5.1,65.5,2.1,72.0,正常
7,5,100.6,5.3,65.4,1.9,71.7,正常
7,6,102.2,5.4,66.1,2.0,72.5,正常
7,7,98.3,5.4,66.5,1.9,72.2,正常
7,8,101.9,5.3,65.4,1.8,73.0,正常
7,9,101.0,5.1,64.0,2.1,73.4,正常
7,10,99.5,5.4,64.0,2.2,72.8,正常
7,11,101.7,5.0,65.9,2.0,73.7,正常
7,12,97.6,5.1,64.2,1.9,72.6,正常
7,13,101.7,5.3,63.4,1.8,71.1,正常
7,14,97.9,5.3,63.8,2.0,70.5,正常
7,15,97.1,5.2,63.5,1.8,70.2,正常
7,16,100.7,5.1,65.1,2.0,73.7,正常
7,17,100.1,5.3,65.2,2.0,71.2,正常
7,18,99.9,5.3,64.5,2.1,70.7,正常
7,19,101.0,5.0,65.1,2.1,73.6,正常
7,20,98.3,5.3,66.7,1.9,73.1,正常
7,21,102.5,5.4,63.8,1.8,71.4,正常
7,22,99.7,5.2,64.9,2.1,70.8,正常
7,23,97.4,5.3,64.6,2.1,73.8,正常
8,0,102.3,5.1,66.2,2.0,71.8,正常
8,1,98.6,5.2,66.3,2.1,73.8,正常
8,2,100.6,5.2,64.7,1.8,72.0,正常
8,3,101.7,5.0,66.9,2.1,72.9,正常
8,4,98.0,5.1,66.6,2.1,71.6,正常
8,5,97.6,5.1,65.4,1.9,73.7,正常
8,6,102.4,5.1,63.9,1.9,70.2,正常
8,7,102.3,5.1,66.6,2.0,71.9,正常
8,8,97.5,5.3,65.8,1.9,71.3,正常
8,9,102.8,5.1,66.8,1.9,73.0,正常
8,10,101.6,5.2,64.5,2.1,71.8,正常
8,11,103.0,5.2,66.4,2.1,73.2,正常
8,12,97.1,5.1,64.3,1.8,73.0,正常
8,13,98.7,5.0,63.6,1.9,72.2,正常
8,14,102.7,5.3,66.3,1.9,71.3,正常
8,15,97.1,5.2,63.1,2.1,71.6,正常
8,16,100.2,5.0,66.4,1.8,73.3,正常
8,17,98.6,5.3,64.8,2.0,70.6,正常
8,18,102.0,5.0,64.6,1.8,73.6,正常
8,19,102.1,5.4,65.3,2.1,72.2,正常
8,20,98.5,5.3,63.5,2.2,73.5,正常
8,21,102.4,5.3,65.5,1.9,70.3,正常
8,22,99.7,5.0,64.8,1.8,70.3,正常
8,23,101.3,5.2,63.7,1.8,72.9,正常
9,0,99.3,5.2,65.9,1.9,73.0,正常
9,1,102.5,5.3,63.8,1.9,70.8,正常
9,2,102.7,5.1,65.5,2.0,71.2,正常
9,3,102.6,5.3,66.9,2.1,70.9,正常
9,4,98.8,5.3,65.7,2.1,71.9,正常
9,5,101.9,5.0,64.9,2.1,71.2,正常
9,6,98.0,5.2,65.9,2.1,70.1,正常
9,7,101.6,5.4,64.1,1.9,73.1,正常
9,8,98.9,5.3,63.6,2.0,71.1,正常
9,9,99.9,5.1,66.9,1.9,71.8,正常
9,10,100.6,5.1,65.0,1.8,70.5,正常
9,11,97.4,5.1,65.0,2.1,71.2,正常
9,12,102.9,5.2,65.3,2.1,73.1,正常
9,13,102.4,5.1,63.1,2.1,73.8,正常
9,14,102.8,5.3,64.9,2.1,71.4,正常
9,15,101.6,5.0,66.6,1.9,71.2,正常
9,16,98.2,5.1,64.5,1.9,71.2,正常
9,17,97.5,5.3,65.1,2.0,70.9,正常
9,18,102.8,5.3,65.2,2.1,71.4,正常
9,19,100.2,5.2,65.0,1.9,71.4,正常
9,20,97.6,5.2,63.2,2.0,71.7,正常
9,21,99.2,5.3,66.4,2.1,70.2,正常
9,22,99.9,5.3,63.1,2.1,71.5,正常
9,23,97.7,5.4,64.0,2.0,72.1,正常
10,0,101.6,5.2,66.0,2.1,70.6,正常
10,1,102.9,5.1,66.8,2.0,71.5,正常
10,2,101.5,5.3,64.7,2.1,70.1,正常
10,3,102.0,5.3,65.5,2.1,71.1,正常
10,4,99.0,5.1,64.8,2.0,70.2,正常
10,5,102.2,5.2,64.4,1.9,71.3,正常
10,6,100.7,5.3,64.4,2.0,71.4,正常
10,7,100.3,5.2,63.7,2.0,73.0,正常
10,8,99.5,5.1,66.1,1.9,70.0,正常
10,9,99.8,5.0,65.5,2.1,70.9,正常
10,10,98.8,5.1,66.4,1.8,72.8,正常
10,11,100.5,5.3,63.3,2.1,70.3,正常
10,12,101.0,5.1,65.7,2.0,70.4,正常
10,13,101.5,5.2,66.5,1.9,73.0,正常
10,14,101.1,5.3,65.8,1.9,73.1,正常
10,15,97.9,5.2,65.7,1.8,71.5,正常
10,16,97.9,5.1,66.2,2.0,71.5,正常
10,17,101.8,5.2,63.3,2.2,74.0,正常
10,18,97.6,5.3,65.4,1.9,70.8,正常
10,19,97.8,5.4,65.9,1.9,71.1,正常
10,20,103.0,5.1,66.2,2.1,73.8,正常
10,21,101.9,5.3,66.4,2.1,73.1,正常
10,22,100.3,5.4,64.6,1.9,72.0,正常
10,23,100.5,5.1,64.1,1.9,73.9,正常
11,0,97.1,5.3,63.8,2.2,73.8,正常
11,1,102.5,5.0,63.9,1.9,70.4,正常
11,2,98.2,5.2,64.7,2.0,71.5,正常
11,3,97.4,5.3,65.1,2.1,71.0,正常
11,4,102.8,5.0,64.6,1.9,71.9,正常
11,5,97.4,5.1,65.9,2.1,72.3,正常
11,6,97.6,5.2,65.4,1.9,71.0,正常
11,7,100.4,5.4,66.1,2.0,71.0,正常
11,8,101.5,5.3,66.3,2.0,72.8,正常
11,9,99.7,5.3,66.5,2.1,70.9,正常
11,10,100.4,5.3,66.1,2.2,72.7,正常
11,11,99.2,5.1,63.8,2.1,73.4,正常
11,12,100.0,5.3,63.5,2.0,73.8,正常
11,13,100.0,5.3,63.4,2.1,73.4,正常
11,14,98.5,5.3,63.4,2.0,70.3,正常
11,15,102.2,5.4,66.9,2.2,73.2,正常
11,16,99.8,5.1,64.9,1.9,71.6,正常
11,17,100.6,5.2,64.9,1.9,73.1,正常
11,18,99.4,5.3,65.3,2.0,73.4,正常
11,19,98.4,5.0,67.1,2.0,71.6,正常
11,20,98.5,5.3,64.8,1.9,71.0,正常
11,21,97.9,5.3,63.6,2.1,74.1,正常
11,22,102.8,5.1,66.0,1.9,71.4,正常
11,23,97.3,5.4,64.7,2.1,73.6,正常
12,0,99.7,5.4,65.6,2.0,71.2,正常
12,1,97.3,5.3,65.8,2.3,72.4,正常
12,2,100.4,5.1,64.1,2.2,74.3,正常
12,3,97.2,5.4,63.7,2.0,73.5,正常
12,4,100.2,5.4,65.7,2.1,72.1,正常
12,5,98.8,5.2,66.6,2.0,70.8,正常
12,6,99.0,5.0,65.7,2.1,70.8,正常
12,7,97.5,5.0,65.2,2.3,70.8,正常
12,8,102.0,5.1,65.1,2.1,73.7,正常
12,9,98.6,5.1,65.5,2.0,73.1,正常
12,10,97.2,5.2,65.6,2.3,72.3,正常
12,11,98.7,5.3,64.7,2.2,72.7,正常
12,12,97.0,5.2,64.6,2.4,72.8,正常
12,13,98.6,5.3,67.5,2.3,72.9,正常
12,14,100.7,5.2,66.2,2.2,71.1,正常
12,15,99.8,5.1,64.3,2.0,72.0,正常
12,16,100.1,5.2,64.7,2.3,71.1,正常
12,17,101.8,5.1,63.6,2.1,73.1,正常
12,18,99.5,5.1,64.1,2.3,71.1,正常
12,19,102.7,5.1,66.5,2.0,70.4,正常
12,20,98.5,5.0,66.8,2.1,72.5,正常
12,21,100.0,5.3,66.6,2.1,73.8,正常
12,22,101.7,5.1,67.1,2.2,74.2,正常
12,23,98.9,5.2,67.2,2.3,73.0,正常
13,0,99.2,5.3,65.1,2.2,71.5,正常
13,1,101.7,5.3,64.0,2.1,72.8,正常
13,2,103.0,5.1,64.3,2.2,74.4,正常
13,3,100.9,5.0,64.6,2.2,72.7,正常
13,4,98.2,5.0,66.2,2.2,74.0,正常
13,5,99.2,5.4,64.4,2.3,73.7,正常
13,6,100.3,5.3,65.8,2.2,71.6,正常
13,7,102.1,5.1,64.0,2.4,74.3,正常
13,8,100.9,5.4,65.6,2.3,73.8,正常
13,9,102.3,5.4,67.0,2.4,72.8,正常
13,10,98.5,5.0,66.3,2.2,73.9,正常
13,11,102.9,5.3,64.8,2.2,70.6,正常
13,12,99.5,5.3,64.4,2.1,71.4,正常
13,13,98.1,5.3,67.3,2.3,73.3,正常
13,14,102.1,5.1,64.0,2.1,73.9,正常
13,15,99.7,5.2,64.5,2.1,70.8,正常
13,16,102.3,5.0,67.0,2.3,71.8,正常
13,17,100.8,5.0,65.5,2.4,73.0,正常
13,18,97.6,5.1,65.2,2.1,71.2,正常
13,19,97.1,5.3,63.9,2.4,74.3,正常
13,20,97.3,5.0,64.8,2.1,74.2,正常
13,21,97.2,5.2,66.3,2.4,72.7,正常
13,22,98.3,5.1,64.9,2.2,74.2,正常
13,23,101.3,5.2,63.8,2.4,72.9,正常
14,0,98.4,5.0,65.4,2.5,72.8,注意
14,1,98.7,5.1,66.4,2.3,73.9,正常
14,2,98.3,5.3,67.4,2.2,73.7,正常
14,3,98.8,5.0,65.1,2.3,73.6,正常
14,4,100.0,5.3,67.1,2.2,73.2,正常
14,5,100.7,5.2,66.3,2.1,73.3,正常
14,6,101.9,5.1,65.2,2.4,71.3,正常
14,7,99.7,5.1,67.6,2.5,71.4,注意
14,8,102.2,5.3,64.9,2.4,73.3,正常
14,9,101.6,5.1,65.6,2.3,73.4,正常
14,10,99.7,5.1,64.9,2.5,74.0,正常
14,11,99.8,5.0,65.0,2.2,72.3,正常
14,12,97.1,5.1,64.1,2.1,72.2,正常
14,13,102.4,5.3,65.3,2.3,74.3,正常
14,14,99.2,5.1,67.5,2.2,72.6,正常
14,15,98.5,5.0,67.8,2.2,72.4,正常
14,16,98.1,5.4,67.9,2.3,73.3,正常
14,17,101.6,5.3,65.2,2.2,71.0,正常
14,18,98.7,5.4,66.0,2.1,72.3,正常
14,19,97.7,5.1,67.5,2.3,74.0,正常
14,20,100.5,5.2,65.5,2.3,73.0,正常
14,21,98.6,5.1,66.4,2.4,72.4,正常
14,22,101.9,5.4,67.0,2.2,73.7,正常
14,23,97.9,5.0,67.9,2.3,73.9,正常
15,0,102.0,5.0,65.3,2.6,71.4,注意
15,1,98.7,5.2,65.3,2.5,71.2,正常
15,2,97.2,5.3,65.6,2.6,74.5,注意
15,3,98.6,5.1,67.5,2.3,74.0,正常
15,4,99.5,5.1,66.7,2.5,71.8,正常
15,5,101.5,5.2,67.6,2.2,74.4,正常
15,6,100.6,5.3,67.7,2.5,71.2,注意
15,7,100.5,5.1,65.8,2.5,73.2,注意
15,8,100.4,5.1,67.6,2.3,70.9,正常
15,9,101.2,5.4,64.4,2.4,71.6,正常
15,10,97.7,5.1,66.3,2.6,71.5,注意
15,11,99.0,5.4,66.7,2.4,71.6,正常
15,12,99.8,5.3,64.3,2.2,74.3,正常
15,13,98.9,5.4,67.7,2.5,72.4,注意
15,14,99.6,5.3,64.4,2.5,73.1,正常
15,15,101.6,5.1,67.0,2.5,73.6,注意
15,16,101.6,5.0,64.9,2.6,72.2,注意
15,17,98.4,5.0,67.0,2.5,72.3,正常
15,18,99.6,5.2,67.6,2.4,73.6,正常
15,19,100.3,5.0,68.0,2.4,74.2,正常
15,20,100.9,5.2,65.6,2.4,71.1,正常
15,21,102.9,5.2,68.1,2.3,71.4,正常
15,22,98.4,5.2,67.4,2.3,73.7,正常
15,23,98.1,5.1,66.5,2.6,72.5,注意
16,0,99.0,5.1,66.9,2.6,73.2,注意
16,1,100.3,5.3,66.6,2.6,72.0,注意
16,2,98.8,5.1,66.8,2.6,74.2,注意
16,3,98.0,5.2,65.4,2.5,72.0,正常
16,4,102.6,5.1,67.6,2.6,71.6,注意
16,5,99.1,5.1,66.2,2.5,71.5,正常
16,6,102.4,5.3,67.6,2.3,71.1,正常
16,7,97.1,5.0,66.8,2.6,73.5,注意
16,8,100.5,5.1,65.2,2.5,72.2,正常
16,9,99.4,5.3,65.4,2.6,74.4,注意
16,10,101.6,5.0,64.6,2.4,73.4,正常
16,11,100.6,5.4,67.3,2.3,74.2,正常
16,12,99.0,5.2,68.3,2.5,72.2,注意
16,13,98.4,5.4,64.7,2.5,72.0,正常
16,14,98.7,5.2,64.8,2.3,71.7,正常
16,15,102.5,5.4,67.4,2.4,72.5,正常
16,16,100.3,5.1,66.1,2.4,71.7,正常
16,17,100.8,5.1,66.1,2.6,73.3,注意
16,18,100.4,5.2,67.9,2.3,73.6,正常
16,19,99.0,5.1,64.6,2.4,74.5,正常
16,20,102.9,5.3,66.4,2.4,73.8,正常
16,21,100.5,5.1,67.5,2.5,74.9,注意
16,22,102.9,5.3,67.3,2.5,74.0,注意
16,23,99.1,5.0,65.7,2.5,73.6,正常
17,0,99.1,5.2,67.7,2.4,72.2,正常
17,1,97.5,5.3,68.3,2.4,74.6,正常
17,2,97.4,5.0,65.4,2.4,73.7,正常
17,3,100.6,5.3,65.1,2.4,74.5,正常
17,4,97.2,5.2,67.5,2.6,74.0,注意
17,5,98.6,5.0,66.2,2.6,71.8,注意
17,6,99.0,5.4,68.5,2.7,73.3,注意
17,7,98.0,5.2,65.7,2.7,73.0,注意
17,8,98.9,5.2,65.1,2.6,74.0,注意
17,9,97.1,5.0,66.8,2.7,73.1,注意
17,10,100.9,5.2,67.8,2.4,71.1,正常
17,11,102.4,5.1,65.1,2.7,71.3,注意
17,12,101.0,5.3,67.2,2.6,74.7,注意
17,13,98.2,5.2,65.4,2.6,73.1,注意
17,14,102.8,5.1,64.9,2.4,74.3,正常
17,15,99.9,5.0,65.3,2.4,73.1,正常
17,16,98.6,5.4,66.7,2.4,72.7,正常
17,17,98.0,5.4,68.7,2.6,72.8,注意
17,18,97.9,5.3,65.6,2.5,74.3,注意
17,19,101.3,5.1,68.1,2.6,75.0,注意
17,20,98.2,5.0,64.8,2.5,74.2,正常
17,21,102.6,5.0,67.3,2.4,72.9,正常
17,22,100.9,5.2,65.6,2.5,71.4,正常
17,23,100.0,5.1,68.7,2.6,74.1,注意
18,0,102.1,5.3,66.1,2.6,75.1,注意
18,1,98.9,5.2,68.8,2.6,72.2,注意
18,2,97.2,5.4,68.5,2.7,71.8,注意
18,3,97.2,5.3,67.2,2.8,73.3,注意
18,4,99.5,5.4,65.1,2.6,74.5,注意
18,5,97.2,5.2,65.5,2.8,71.4,注意
18,6,102.4,5.3,68.2,2.7,74.7,注意
18,7,98.5,5.4,67.2,2.5,73.3,注意
18,8,100.4,5.3,68.4,2.8,74.3,注意
18,9,97.9,5.2,65.3,2.8,72.5,注意
18,10,101.9,5.1,67.8,2.8,73.7,注意
18,11,103.0,5.1,66.6,2.5,72.9,注意
18,12,100.2,5.1,67.8,2.5,74.3,正常
18,13,99.9,5.1,68.9,2.6,73.1,注意
18,14,102.6,5.3,66.3,2.5,71.5,正常
18,15,101.0,5.4,66.8,2.7,72.2,注意
18,16,98.1,5.2,67.0,2.4,71.7,正常
18,17,100.0,5.4,67.7,2.7,74.0,注意
18,18,102.2,5.3,66.2,2.6,74.3,注意
18,19,99.9,5.2,67.4,2.8,75.2,注意
18,20,101.8,5.3,68.3,2.6,73.9,注意
18,21,101.3,5.3,65.8,2.5,73.8,注意
18,22,98.3,5.4,67.3,2.8,71.4,注意
18,23,101.1,5.2,66.5,2.5,74.1,正常
19,0,100.5,5.4,68.2,2.7,73.2,注意
19,1,100.5,5.1,66.6,2.6,72.8,注意
19,2,101.2,5.4,68.5,2.9,74.0,注意
19,3,99.0,5.2,65.3,2.5,74.6,注意
19,4,98.7,5.1,68.1,2.6,73.3,注意
19,5,101.6,5.2,67.3,2.7,75.1,注意
19,6,97.2,5.3,68.7,2.6,74.3,注意
19,7,99.9,5.1,66.4,2.6,73.2,注意
19,8,99.8,5.3,67.6,2.6,73.2,注意
19,9,100.5,5.2,66.1,2.6,72.3,注意
19,10,101.6,5.4,68.4,2.7,73.4,注意
19,11,101.9,5.0,68.1,2.9,71.6,注意
19,12,102.9,5.2,67.6,2.9,71.8,注意
19,13,100.5,5.0,68.3,2.9,72.5,注意
19,14,99.8,5.3,67.1,2.8,72.3,注意
19,15,101.2,5.2,66.7,2.9,72.6,注意
19,16,101.3,5.1,66.6,2.6,73.8,注意
19,17,98.7,5.3,68.6,2.8,73.0,注意
19,18,102.5,5.2,69.0,2.8,72.8,注意
19,19,102.4,5.2,65.5,2.9,74.8,注意
19,20,97.2,5.3,66.1,2.8,72.6,注意
19,21,97.7,5.3,67.4,2.7,72.2,注意
19,22,98.2,5.1,66.2,2.8,74.0,注意
19,23,101.5,5.2,67.3,2.7,74.1,注意
20,0,101.0,5.0,68.1,3.0,72.7,注意
20,1,99.7,5.2,66.6,2.7,75.4,注意
20,2,99.0,5.4,67.7,2.6,74.0,注意
20,3,101.2,5.4,68.2,2.9,75.5,注意
20,4,98.0,5.4,68.3,2.8,72.9,注意
20,5,98.1,5.0,69.1,3.0,75.3,注意
20,6,101.8,5.3,66.2,2.9,75.4,注意
20,7,97.7,5.2,67.6,2.9,73.2,注意
20,8,101.2,5.0,68.4,2.7,72.1,注意
20,9,99.2,5.3,66.7,2.7,72.6,注意
20,10,102.3,5.2,66.2,2.7,72.5,注意
20,11,102.8,5.3,67.7,2.7,73.4,注意
20,12,99.9,5.3,68.9,2.9,71.6,注意
20,13,100.6,5.2,69.2,2.9,74.2,注意
20,14,100.8,5.3,66.8,2.9,73.8,注意
20,15,97.6,5.3,68.2,2.9,71.8,注意
20,16,98.6,5.1,65.9,2.8,74.4,注意
20,17,98.9,5.1,68.7,2.8,75.4,注意
20,18,97.5,5.0,67.5,3.0,75.2,注意
20,19,100.0,5.1,66.9,2.9,75.2,注意
20,20,99.6,5.3,68.1,2.8,74.0,注意
20,21,98.2,5.4,67.8,2.8,73.9,注意
20,22,100.0,5.3,68.1,2.7,74.4,注意
20,23,101.8,5.3,66.3,2.9,73.3,注意
21,0,98.1,5.3,67.7,2.9,72.5,注意
21,1,102.5,5.2,66.0,2.8,73.6,注意
21,2,98.9,5.4,69.3,2.9,71.8,注意
21,3,98.1,5.3,68.4,3.0,73.0,注意
21,4,97.4,5.2,69.7,2.8,74.3,注意
21,5,99.8,5.0,69.6,3.2,73.0,注意
21,6,101.4,5.2,69.5,2.8,74.7,注意
21,7,99.6,5.3,69.0,3.1,75.9,注意
21,8,97.2,5.2,70.2,3.1,75.0,注意
21,9,101.1,5.1,70.2,3.0,74.5,注意
21,10,97.8,5.2,66.6,2.9,74.1,注意
21,11,99.0,5.1,70.3,3.1,73.1,注意
21,12,99.7,5.4,70.1,3.0,74.5,注意
21,13,101.1,5.0,70.5,3.1,72.3,注意
21,14,100.8,5.2,66.7,3.1,72.3,注意
21,15,99.5,5.4,69.2,3.2,73.4,注意
21,16,97.3,5.3,69.5,3.3,74.1,注意
21,17,99.1,5.2,68.5,3.4,74.5,注意
21,18,101.1,5.2,67.1,3.4,75.1,注意
21,19,101.0,5.2,69.6,3.3,73.0,注意
21,20,100.5,5.3,69.6,3.3,73.9,注意
21,21,99.9,5.2,70.3,3.3,74.0,注意
21,22,102.1,5.1,68.7,3.4,73.8,注意
21,23,102.7,5.3,68.9,3.2,73.3,注意
22,0,99.5,5.1,68.6,3.1,75.4,注意
22,1,99.7,5.3,68.1,2.8,74.0,注意
22,2,100.1,5.4,66.3,3.0,75.4,注意
22,3,97.0,5.2,68.5,3.0,75.8,注意
22,4,97.9,5.1,67.0,3.1,75.2,注意
22,5,98.7,5.3,67.9,3.3,73.6,注意
22,6,98.7,5.3,67.3,3.0,75.9,注意
22,7,103.0,5.2,67.9,3.0,74.5,注意
22,8,98.9,5.0,69.8,3.0,72.8,注意
22,9,101.7,5.4,66.7,3.1,73.4,注意
22,10,97.4,5.1,66.6,3.2,74.2,注意
22,11,101.7,5.4,66.9,3.1,73.5,注意
22,12,102.5,5.2,68.9,3.0,75.9,注意
22,13,100.9,5.4,69.9,3.3,73.7,注意
22,14,97.4,5.3,67.7,3.1,75.0,注意
22,15,100.8,5.2,67.5,3.2,75.8,注意
22,16,101.1,5.1,68.1,3.2,75.3,注意
22,17,99.0,5.2,71.0,3.5,75.7,注意
22,18,99.5,5.1,67.1,3.2,74.2,注意
22,19,98.7,5.1,70.2,3.2,74.8,注意
22,20,97.1,5.2,69.3,3.5,75.9,注意
22,21,98.6,5.3,70.1,3.3,74.0,注意
22,22,97.7,5.2,68.1,3.5,76.6,注意
22,23,102.0,5.3,70.1,3.4,72.9,注意
23,0,100.0,5.0,70.0,3.2,73.1,注意
23,1,99.4,5.4,69.6,2.9,74.5,注意
23,2,98.2,5.3,70.1,2.9,75.1,注意
23,3,99.1,5.3,66.9,3.3,75.7,注意
23,4,100.7,5.3,68.4,3.2,74.8,注意
23,5,99.5,5.3,66.9,3.1,72.9,注意
23,6,101.9,5.1,67.1,3.0,74.0,注意
23,7,100.8,5.2,67.4,3.0,73.3,注意
23,8,100.0,5.3,70.2,3.3,72.7,注意
23,9,102.6,5.2,68.0,3.4,73.4,注意
23,10,102.7,5.1,68.6,3.3,76.3,注意
23,11,98.8,5.0,69.2,3.5,75.4,注意
23,12,102.2,5.3,67.5,3.3,74.6,注意
23,13,97.5,5.2,68.1,3.4,74.4,注意
23,14,102.6,5.3,69.9,3.4,75.8,注意
23,15,100.8,5.2,69.5,3.3,74.0,注意
23,16,101.4,5.0,69.2,3.5,73.9,注意
23,17,98.5,5.0,68.5,3.4,72.8,注意
23,18,97.5,5.3,71.0,3.3,73.1,注意
23,19,97.4,5.3,69.2,3.4,73.4,注意
23,20,97.4,5.0,70.3,3.4,76.5,注意
23,21,97.3,5.2,68.3,3.3,76.6,注意
23,22,102.8,5.1,70.6,3.4,76.4,注意
23,23,101.6,5.1,68.5,3.7,76.1,注意
24,0,102.3,5.3,67.9,3.3,74.5,注意
24,1,102.1,5.2,68.0,3.0,73.3,注意
24,2,97.4,5.1,70.1,3.0,72.8,注意
24,3,100.2,5.2,67.8,3.1,74.0,注意
24,4,101.8,5.1,66.9,3.3,73.2,注意
24,5,99.7,5.2,68.7,3.2,73.0,注意
24,6,99.9,5.2,70.7,3.1,73.2,注意
24,7,102.9,5.0,69.3,3.2,75.1,注意
24,8,99.9,5.2,68.5,3.1,74.8,注意
24,9,100.8,5.1,68.3,3.3,72.9,注意
24,10,101.4,5.4,69.5,3.4,75.8,注意
24,11,98.5,5.3,69.3,3.4,75.9,注意
24,12,101.2,5.2,68.4,3.3,73.8,注意
24,13,101.6,5.0,70.0,3.2,75.4,注意
24,14,103.0,5.1,69.6,3.4,75.0,注意
24,15,100.9,5.2,70.1,3.3,73.9,注意
24,16,100.4,5.3,70.3,3.3,73.7,注意
24,17,99.0,5.1,68.3,3.6,73.5,注意
24,18,101.3,5.3,69.5,3.5,76.7,注意
24,19,102.7,5.1,69.8,3.5,75.3,注意
24,20,97.1,5.1,71.1,3.7,76.8,注意
24,21,100.7,5.1,70.2,3.6,73.2,注意
24,22,99.2,5.0,68.7,3.5,74.3,注意
24,23,97.1,5.2,68.0,3.6,73.1,注意
25,0,99.7,5.0,67.6,3.3,73.9,注意
25,1,97.6,5.2,68.5,3.1,73.5,注意
25,2,99.1,5.4,69.0,3.1,73.7,注意
25,3,98.2,5.1,68.8,3.2,74.7,注意
25,4,101.0,5.4,69.2,3.2,75.9,注意
25,5,101.2,5.2,71.0,3.4,75.4,注意
25,6,102.6,5.1,68.1,3.4,74.2,注意
25,7,102.6,5.3,69.8,3.4,75.6,注意
25,8,102.2,5.1,68.3,3.5,73.3,注意
25,9,97.4,5.2,70.3,3.6,74.2,注意
25,10,102.7,5.2,70.0,3.5,75.5,注意
25,11,100.8,5.0,71.2,3.4,73.5,注意
25,12,102.6,5.1,68.1,3.6,72.9,注意
25,13,102.7,5.3,69.4,3.7,76.6,注意
25,14,101.2,5.2,69.8,3.5,73.0,注意
25,15,97.1,5.2,69.0,3.6,73.3,注意
25,16,102.5,5.1,70.7,3.5,76.1,注意
25,17,101.5,5.2,70.7,3.4,75.2,注意
25,18,99.6,5.1,71.0,3.5,76.4,注意
25,19,99.8,5.1,68.3,3.7,76.9,注意
25,20,99.5,5.1,71.2,3.8,75.5,注意
25,21,98.0,5.3,70.0,3.7,74.1,注意
25,22,97.2,5.1,72.0,3.7,77.1,注意
25,23,98.0,5.0,72.2,3.8,73.5,注意
26,0,101.9,5.3,70.3,3.1,73.0,注意
26,1,99.9,5.4,70.4,3.2,74.1,注意
26,2,99.4,5.0,68.5,3.4,74.1,注意
26,3,98.0,5.3,68.2,3.4,76.2,注意
26,4,101.7,5.2,67.3,3.3,74.9,注意
26,5,101.4,5.4,70.8,3.6,73.2,注意
26,6,97.6,5.1,68.7,3.3,75.3,注意
26,7,99.3,5.3,70.7,3.6,74.9,注意
26,8,100.9,5.2,68.4,3.3,76.1,注意
26,9,97.2,5.3,67.7,3.5,76.7,注意
26,10,98.9,5.4,68.5,3.4,73.5,注意
26,11,99.1,5.1,68.7,3.5,76.3,注意
26,12,99.0,5.2,68.4,3.6,75.7,注意
26,13,98.6,5.1,68.0,3.4,73.8,注意
26,14,97.3,5.1,71.9,3.5,74.1,注意
26,15,100.9,5.1,68.5,3.7,75.4,注意
26,16,98.7,5.1,70.3,3.6,76.6,注意
26,17,100.7,5.1,68.7,3.7,74.2,注意
26,18,100.7,5.3,68.9,3.5,76.0,注意
26,19,102.0,5.4,70.2,3.9,76.9,注意
26,20,98.2,5.3,71.1,3.8,75.4,注意
26,21,102.3,5.3,69.5,3.5,76.1,注意
26,22,98.8,5.3,69.1,3.6,76.5,注意
26,23,98.0,5.3,70.3,3.8,75.0,注意
27,0,97.0,5.1,71.0,3.3,73.5,注意
27,1,101.8,5.1,67.3,3.6,73.8,注意
27,2,100.4,5.0,68.9,3.5,72.8,注意
27,3,100.7,5.3,70.9,3.5,73.6,注意
27,4,99.7,5.3,68.0,3.6,76.0,注意
27,5,101.1,5.4,68.9,3.3,76.0,注意
27,6,100.4,5.2,71.2,3.4,74.2,注意
27,7,102.0,5.2,71.1,3.3,74.8,注意
27,8,97.3,5.1,69.6,3.7,74.5,注意
27,9,102.6,5.3,68.6,3.7,76.8,注意
27,10,97.4,5.2,68.5,3.7,74.3,注意
27,11,101.5,5.0,69.1,3.7,74.7,注意
27,12,99.4,5.2,68.4,3.5,74.0,注意
27,13,100.5,5.4,69.3,3.8,73.2,注意
27,14,101.4,5.2,69.2,3.6,76.8,注意
27,15,98.7,5.3,71.4,3.8,73.6,注意
27,16,101.4,5.2,68.9,3.7,77.0,注意
27,17,99.4,5.1,71.2,3.7,73.7,注意
27,18,99.2,5.1,71.5,3.7,75.2,注意
27,19,99.1,5.2,69.9,3.7,74.3,注意
27,20,98.2,5.3,69.5,3.8,75.7,注意
27,21,102.4,5.4,69.8,3.9,74.0,注意
27,22,101.1,5.2,71.8,4.0,73.6,注意
27,23,97.1,5.3,68.8,4.0,75.2,警告
28,0,97.7,5.2,68.1,3.6,72.9,注意
28,1,101.1,5.2,68.2,3.6,76.4,注意
28,2,97.3,5.3,69.6,3.3,73.9,注意
28,3,101.0,5.3,70.5,3.5,74.8,注意
28,4,100.2,5.3,68.6,3.5,75.0,注意
28,5,98.5,5.2,69.6,3.5,74.2,注意
28,6,100.6,5.1,70.3,3.5,75.9,注意
28,7,99.0,5.4,68.5,3.7,76.8,注意
28,8,97.6,5.3,69.6,3.6,76.6,注意
28,9,101.6,5.3,71.3,3.5,76.1,注意
28,10,101.6,5.1,69.9,3.5,76.9,注意
28,11,102.1,5.3,71.9,3.6,73.7,注意
28,12,101.0,5.4,71.1,3.7,75.2,注意
28,13,97.9,5.3,70.6,3.7,73.8,注意
28,14,102.9,5.1,69.3,3.7,77.3,注意
28,15,97.5,5.2,71.3,3.7,75.3,注意
28,16,101.6,5.3,71.0,3.8,76.1,注意
28,17,102.4,5.3,68.6,3.6,76.2,注意
28,18,99.5,5.2,72.0,4.0,75.2,注意
28,19,100.4,5.1,72.3,4.0,73.6,警告
28,20,102.3,5.3,71.9,3.9,74.3,注意
28,21,101.1,5.3,71.7,3.8,76.9,注意
28,22,98.2,5.1,69.5,3.9,74.8,注意
28,23,100.0,5.1,71.3,3.8,76.7,注意
29,0,100.3,5.2,69.8,3.6,74.5,注意
29,1,101.1,5.0,68.9,3.6,75.8,注意
29,2,99.7,5.0,70.5,3.5,74.5,注意
29,3,97.6,5.4,71.2,3.5,74.5,注意
29,4,99.9,5.1,69.5,3.7,73.2,注意
29,5,103.0,5.1,68.8,3.5,75.8,注意
29,6,98.0,5.0,69.1,3.8,77.1,注意
29,7,102.7,5.3,68.2,3.7,74.1,注意
29,8,99.3,5.2,69.7,3.8,76.8,注意
29,9,102.0,5.2,71.5,3.5,75.4,注意
29,10,100.5,5.4,69.1,3.7,73.3,注意
29,11,102.8,5.2,72.0,3.7,73.5,注意
29,12,100.0,5.1,72.4,3.9,75.9,注意
29,13,99.3,5.3,70.0,3.7,75.5,注意
29,14,100.3,5.1,71.0,3.9,76.9,注意
29,15,97.8,5.4,71.0,4.0,77.0,警告
29,16,97.7,5.3,71.8,3.8,76.8,注意
29,17,102.1,5.1,71.8,4.0,74.6,注意
29,18,100.3,5.2,71.8,3.8,77.2,注意
29,19,97.9,5.4,71.6,4.0,74.4,警告
29,20,100.9,5.1,71.4,4.0,75.8,警告
29,21,101.4,5.2,69.9,3.9,76.0,注意
29,22,97.0,5.1,69.6,3.9,73.9,注意
29,23,97.7,5.3,70.1,4.1,74.8,警告
30,0,102.9,5.1,68.1,3.5,75.7,注意
30,1,98.2,5.0,68.1,3.7,75.1,注意
30,2,101.6,5.4,68.5,3.8,75.8,注意
30,3,100.6,5.0,70.0,3.7,75.8,注意
30,4,100.3,5.2,71.8,3.6,76.6,注意
30,5,100.3,5.1,70.5,3.7,74.6,注意
30,6,100.5,5.2,69.1,3.9,74.8,注意
30,7,102.2,5.2,68.7,3.9,75.5,注意
30,8,101.3,5.1,70.0,3.9,77.0,注意
30,9,99.7,5.2,71.9,3.8,73.8,注意
30,10,97.5,5.4,72.2,3.9,75.0,注意
30,11,101.1,5.0,71.4,3.8,75.2,注意
30,12,98.2,5.4,69.4,3.9,75.7,注意
30,13,97.8,5.2,71.2,4.0,74.2,警告
30,14,101.1,5.3,69.6,3.9,75.9,注意
30,15,98.7,5.3,71.7,4.0,75.5,警告
30,16,99.3,5.3,70.1,3.7,74.3,注意
30,17,103.0,5.2,69.4,3.8,73.8,注意
30,18,99.9,5.1,71.3,4.0,77.3,警告
30,19,100.2,5.4,71.8,4.2,75.8,警告
30,20,101.8,5.4,71.4,4.0,76.5,注意
30,21,97.7,5.2,72.1,3.9,74.5,注意
30,22,100.8,5.0,73.3,3.9,76.5,注意
30,23,100.2,5.0,71.2,4.0,75.2,警告
